GEOID,coverage
13153020108,0.0
13245010802,0.0
13245010801,0.0
13245011100,0.0
13089023315,0.0
13089021411,0.0
13089021416,0.0
13039010604,0.0
13039010202,0.0
13039010303,0.0
13039010405,0.0
13039010304,0.0
13039010603,0.0
13039010404,0.0
13039010406,0.0
13039010407,0.0
13039010305,0.0
13039010201,0.0
13127990000,0.0
13135050311,0.0
13179010402,0.0
13179010302,0.0
13179010301,0.0
13179010401,0.0
13179010504,0.0
13179010503,0.0
13251970402,0.0
13251970401,0.0
13207050301,0.0
13207050102,0.0
13207050200,0.0
13207050302,0.0
13207050101,0.0
13115001706,0.0
13115001301,0.0
13115001302,0.0
13047030701,0.0
13047030306,0.0
13047030502,0.0
13047030702,0.0
13047030501,0.0
13047030403,0.0
13047030404,0.0
13047030305,0.0
13103030306,0.0
13103030309,0.0
13103030307,0.0
13103030308,0.0
13103030206,0.0
13103030205,0.0
13103030207,0.0
13103030208,0.0
13103030404,0.0
13103030403,0.0
13103030209,0.0
13059000401,0.0
13295020503,0.0
13295020903,0.0
13295020701,0.0
13295020702,0.0
13295020102,0.0
13295020101,0.0
13295020504,0.0
13295020505,0.0
13295020904,0.0
13295020506,0.0
13035150102,0.0
13035150201,0.0
13035150202,0.0
13035150101,0.0
13083040103,0.0
13083040104,0.0
13105000502,0.0
13105000501,0.0
13039010100,0.0
13039010302,0.0
13039010500,0.0
13077170309,0.0
13077170308,0.0
13077170310,0.0
13077170307,0.0
13077170408,0.0
13077170102,0.0
13077170702,0.0
13077170701,0.0
13077170604,0.0
13077170101,0.0
13077170407,0.0
13077170606,0.0
13077170607,0.0
13077170605,0.0
13101880100,0.0
13101880200,0.0
13147960402,0.0
13147960503,0.0
13147960103,0.0
13147960102,0.0
13147960101,0.0
13147960501,0.0
13147960502,0.0
13147960401,0.0
13059000402,0.0
13081010202,0.0
13245001602,0.0
13045910301,0.0
13045910105,0.0
13045910106,0.0
13045911202,0.0
13045910709,0.0
13045910707,0.0
13045910706,0.0
13045910504,0.0
13045910202,0.0
13045910201,0.0
13045910302,0.0
13045911201,0.0
13045910705,0.0
13117130413,0.0
13117130414,0.0
13117130512,0.0
13117130511,0.0
13117130411,0.0
13117130412,0.0
13117130415,0.0
13117130614,0.0
13117130615,0.0
13261950200,0.0
13261950400,0.0
13261950100,0.0
13261950500,0.0
13261950300,0.0
13261950700,0.0
13261950600,0.0
13261950800,0.0
13151070120,0.0
13151070408,0.0
13151070207,0.0
13151070211,0.0
13151070209,0.0
13151070407,0.0
13151070315,0.0
13151070212,0.0
13089021906,0.0
13191110101,0.0
13191110202,0.0
13017960502,0.0
13017960501,0.0
13023790302,0.0
13023790301,0.0
13225040103,0.0
13225040104,0.0
13225040105,0.0
13215010608,0.0
13215010801,0.0
13215010607,0.0
13121006601,0.0
13215003301,0.0
13215003302,0.0
13215011200,0.0
13215011500,0.0
13027960301,0.0
13027960302,0.0
13121010108,0.0
13311950205,0.0
13275960300,0.0
13275960800,0.0
13185010604,0.0
13045910503,0.0
13045911101,0.0
13045910203,0.0
13045911001,0.0
13045910704,0.0
13045910708,0.0
13045911002,0.0
13045911102,0.0
13071970901,0.0
13071970902,0.0
13071970602,0.0
13071970703,0.0
13071970704,0.0
13071970601,0.0
13071970302,0.0
13071970102,0.0
13071970101,0.0
13071970301,0.0
13095010701,0.0
13095010702,0.0
13085970103,0.0
13085970204,0.0
13085970206,0.0
13095000101,0.0
13085970102,0.0
13085970205,0.0
13085970203,0.0
13095000102,0.0
13085970101,0.0
13121010508,0.0
13131950502,0.0
13131950401,0.0
13131950402,0.0
13131950501,0.0
13219030402,0.0
13219030104,0.0
13219030101,0.0
13219030102,0.0
13219030201,0.0
13219030202,0.0
13219030103,0.0
13215011400,0.0
13033950101,0.0
13033950102,0.0
13275960900,0.0
13275961100,0.0
13275960200,0.0
13275961000,0.0
13275960400,0.0
13275960100,0.0
13005970201,0.0
13197920100,0.0
13197920200,0.0
13151070316,0.0
13151070412,0.0
13151070116,0.0
13151070411,0.0
13151070507,0.0
13151070506,0.0
13151070508,0.0
13151070314,0.0
13151070115,0.0
13151070323,0.0
13151070410,0.0
13151070505,0.0
13151070503,0.0
13151070504,0.0
13151070118,0.0
13151070117,0.0
13151070121,0.0
13151070126,0.0
13151070409,0.0
13151070124,0.0
13151070119,0.0
13151070208,0.0
13151070317,0.0
13151070324,0.0
13151070318,0.0
13151070213,0.0
13151070216,0.0
13151070206,0.0
13151070210,0.0
13151070312,0.0
13227050601,0.0
13227050202,0.0
13227050201,0.0
13227050101,0.0
13227050102,0.0
13227050602,0.0
13121010601,0.0
13121010603,0.0
13121010604,0.0
13245010206,0.0
13245010908,0.0
13245010602,0.0
13245010208,0.0
13245010515,0.0
13245010514,0.0
13245010207,0.0
13245010907,0.0
13245010205,0.0
13245010109,0.0
13245001604,0.0
13245010601,0.0
13245010714,0.0
13245010713,0.0
13245010108,0.0
13245001603,0.0
13021013607,0.0
13021013412,0.0
13021011001,0.0
13151070128,0.0
13151070214,0.0
13151070320,0.0
13151070215,0.0
13151070122,0.0
13151070125,0.0
13151070313,0.0
13151070325,0.0
13151070123,0.0
13151070322,0.0
13151070321,0.0
13151070127,0.0
13151070319,0.0
13063040639,0.0
13063040629,0.0
13063040309,0.0
13063040418,0.0
13063040420,0.0
13063040310,0.0
13063040424,0.0
13063040427,0.0
13063040537,0.0
13063040538,0.0
13063040635,0.0
13063040628,0.0
13063040633,0.0
13255160800,0.0
13225040200,0.0
13225040301,0.0
13225040302,0.0
13091960302,0.0
13255160900,0.0
13255161100,0.0
13283960200,0.0
13283960100,0.0
13067030331,0.0
13067030332,0.0
13227050500,0.0
13227050300,0.0
13227050400,0.0
13117130613,0.0
13067031001,0.0
13067030322,0.0
13067030319,0.0
13067031101,0.0
13067031110,0.0
13311950207,0.0
13311950301,0.0
13311950302,0.0
13311950206,0.0
13311950101,0.0
13311950204,0.0
13311950102,0.0
13115000800,0.0
13115000700,0.0
13115001800,0.0
13115000600,0.0
13115000100,0.0
13115000300,0.0
13115002000,0.0
13115001400,0.0
13021013407,0.0
13067030334,0.0
13067030335,0.0
13067030337,0.0
13051010102,0.0
13067030104,0.0
13143010100,0.0
13143010201,0.0
13161960101,0.0
13143010304,0.0
13161960102,0.0
13143010202,0.0
13161960201,0.0
13161960202,0.0
13143010402,0.0
13143010401,0.0
13143010303,0.0
13211010301,0.0
13211010302,0.0
13177020403,0.0
13067030405,0.0
13279970600,0.0
13253200200,0.0
13253200100,0.0
13253200300,0.0
13279970400,0.0
13279970500,0.0
13067030505,0.0
13067030700,0.0
13051010200,0.0
13067030324,0.0
13067030800,0.0
13009970302,0.0
13009970801,0.0
13009970502,0.0
13009970301,0.0
13129970301,0.0
13129970302,0.0
13129970902,0.0
13129970101,0.0
13129970802,0.0
13129970901,0.0
13067030326,0.0
13289060102,0.0
13009970102,0.0
13009970501,0.0
13009970201,0.0
13009970802,0.0
13009970101,0.0
13009970202,0.0
13317010102,0.0
13067031004,0.0
13067031005,0.0
13089021912,0.0
13171970201,0.0
13171970202,0.0
13183970101,0.0
13183970202,0.0
13183970102,0.0
13183970201,0.0
13067030327,0.0
13051980000,0.0
13051004300,0.0
13067031111,0.0
13067031112,0.0
13067030329,0.0
13051000601,0.0
13067031306,0.0
13067031308,0.0
13171970300,0.0
13171970100,0.0
13213010500,0.0
13213010700,0.0
13213010600,0.0
13213010100,0.0
13213010300,0.0
13051003000,0.0
13051003502,0.0
13051002300,0.0
13051003301,0.0
13051002700,0.0
13091960301,0.0
13069010702,0.0
13069010301,0.0
13069010401,0.0
13069010402,0.0
13069010701,0.0
13069010302,0.0
13089021405,0.0
13089022001,0.0
13051001100,0.0
13051001200,0.0
13089022005,0.0
13089023507,0.0
13089023602,0.0
13089023603,0.0
13051002000,0.0
13051002200,0.0
13051002600,0.0
13051002800,0.0
13051002900,0.0
13051003302,0.0
13157010601,0.0
13157010602,0.0
13157010706,0.0
13157010105,0.0
13157010107,0.0
13157010106,0.0
13157010104,0.0
13157010108,0.0
13157010109,0.0
13157010704,0.0
13157010705,0.0
13133950100,0.0
13133950200,0.0
13133950400,0.0
13133950500,0.0
13211010100,0.0
13211010200,0.0
13211010500,0.0
13211010400,0.0
13219030401,0.0
13089021502,0.0
13089021602,0.0
13135050466,0.0
13135050465,0.0
13185010204,0.0
13185011404,0.0
13185011405,0.0
13185010801,0.0
13185010203,0.0
13185010403,0.0
13185010404,0.0
13185010802,0.0
13135050463,0.0
13135050622,0.0
13135050582,0.0
13135050619,0.0
13135050243,0.0
13135050758,0.0
13135050756,0.0
13051003400,0.0
13051003501,0.0
13051003601,0.0
13321950202,0.0
13321950201,0.0
13089021703,0.0
13089022401,0.0
13089022403,0.0
13051003602,0.0
13051003800,0.0
13051003900,0.0
13051004001,0.0
13051004002,0.0
13051010502,0.0
13051010603,0.0
13135050762,0.0
13135050759,0.0
13135050746,0.0
13135050747,0.0
13135050742,0.0
13135050744,0.0
13135050451,0.0
13135050455,0.0
13135050445,0.0
13135050461,0.0
13135050550,0.0
13135050739,0.0
13135050737,0.0
13135050736,0.0
13135050751,0.0
13135050764,0.0
13135050752,0.0
13135050748,0.0
13135050446,0.0
13135050755,0.0
13135050589,0.0
13135050741,0.0
13135050743,0.0
13135050453,0.0
13135050440,0.0
13135050554,0.0
13135050555,0.0
13135050567,0.0
13135050591,0.0
13137000502,0.0
13137000603,0.0
13137000501,0.0
13137000604,0.0
13137000203,0.0
13137000204,0.0
13135050242,0.0
13135050634,0.0
13135050234,0.0
13135050617,0.0
13135050119,0.0
13135050114,0.0
13135050115,0.0
13135050631,0.0
13135050615,0.0
13135050116,0.0
13135050120,0.0
13135050738,0.0
13135050733,0.0
13135050335,0.0
13135050734,0.0
13135050566,0.0
13135050572,0.0
13135050735,0.0
13135050587,0.0
13135050635,0.0
13135050448,0.0
13135050235,0.0
13135050121,0.0
13135050223,0.0
13135050244,0.0
13135050241,0.0
13135050240,0.0
13135050226,0.0
13135050225,0.0
13135050612,0.0
13135050620,0.0
13135050750,0.0
13135050732,0.0
13135050588,0.0
13135050581,0.0
13135050580,0.0
13135050625,0.0
13135050332,0.0
13135050327,0.0
13135050326,0.0
13135050562,0.0
13135050574,0.0
13135050564,0.0
13135050569,0.0
13135050585,0.0
13135050571,0.0
13135050623,0.0
13135050229,0.0
13135050576,0.0
13135050556,0.0
13135050626,0.0
13135050324,0.0
13135050230,0.0
13135050323,0.0
13135050238,0.0
13135050228,0.0
13135050221,0.0
13135050222,0.0
13135050237,0.0
13135050236,0.0
13135050231,0.0
13135050561,0.0
13135050560,0.0
13135050624,0.0
13135050553,0.0
13135050563,0.0
13135050583,0.0
13135050627,0.0
13135050578,0.0
13135050552,0.0
13135050575,0.0
13135050573,0.0
13135050628,0.0
13135050233,0.0
13135050224,0.0
13135050565,0.0
13135050579,0.0
13135050584,0.0
13135050611,0.0
13135050614,0.0
13135050239,0.0
13135050113,0.0
13135050621,0.0
13051004100,0.0
13021013413,0.0
13021013505,0.0
13021011002,0.0
13021013608,0.0
13021013506,0.0
13021013701,0.0
13021013702,0.0
13021014000,0.0
13285960101,0.0
13285960402,0.0
13285960401,0.0
13285960904,0.0
13285960903,0.0
13285960504,0.0
13285960503,0.0
13285960102,0.0
13267950402,0.0
13267950401,0.0
13267950204,0.0
13267950203,0.0
13225040400,0.0
13051010901,0.0
13177020102,0.0
13177020101,0.0
13177020301,0.0
13177020302,0.0
13177020404,0.0
13177020405,0.0
13051003700,0.0
13153020302,0.0
13153021401,0.0
13153021206,0.0
13153021120,0.0
13153021002,0.0
13089022700,0.0
13129970400,0.0
13129970700,0.0
13129970500,0.0
13135050749,0.0
13135050765,0.0
13135050458,0.0
13135050457,0.0
13135050753,0.0
13135050464,0.0
13135050763,0.0
13135050760,0.0
13135050449,0.0
13049010101,0.0
13049010102,0.0
13135050568,0.0
13135050450,0.0
13135050460,0.0
13135050441,0.0
13135050761,0.0
13135050329,0.0
13135050438,0.0
13135050333,0.0
13135050633,0.0
13135050636,0.0
13135050118,0.0
13135050111,0.0
13135050557,0.0
13135050336,0.0
13135050632,0.0
13135050331,0.0
13135050112,0.0
13135050110,0.0
13135050618,0.0
13135050754,0.0
13135050447,0.0
13135050454,0.0
13135050462,0.0
13135050442,0.0
13135050334,0.0
13135050444,0.0
13135050330,0.0
13135050551,0.0
13135050590,0.0
13135050437,0.0
13135050757,0.0
13135050577,0.0
13135050586,0.0
13135050443,0.0
13135050456,0.0
13135050452,0.0
13135050559,0.0
13135050328,0.0
13135050325,0.0
13135050629,0.0
13135050613,0.0
13135050745,0.0
13135050740,0.0
13135050570,0.0
13135050558,0.0
13135050227,0.0
13135050232,0.0
13135050616,0.0
13135050117,0.0
13135050630,0.0
13135050459,0.0
13135050439,0.0
13271950103,0.0
13271950102,0.0
13271950101,0.0
13107970101,0.0
13107970401,0.0
13107970102,0.0
13107970602,0.0
13107970402,0.0
13107970601,0.0
13063040623,0.0
13063040627,0.0
13063040529,0.0
13063040527,0.0
13063040534,0.0
13063040630,0.0
13063040421,0.0
13063040423,0.0
13063040632,0.0
13063040422,0.0
13063040532,0.0
13063040626,0.0
13063040531,0.0
13063040426,0.0
13063040624,0.0
13247060104,0.0
13247060410,0.0
13247060316,0.0
13247060315,0.0
13247060203,0.0
13247060103,0.0
13247060313,0.0
13247060317,0.0
13247060314,0.0
13051011004,0.0
13051011104,0.0
13051010601,0.0
13109970200,0.0
13109970100,0.0
13109970300,0.0
13301970400,0.0
13115000500,0.0
13115000900,0.0
13257970402,0.0
13257970201,0.0
13257970101,0.0
13257970202,0.0
13257970401,0.0
13257970102,0.0
13089023501,0.0
13121001400,0.0
13121001600,0.0
13001950201,0.0
13001950202,0.0
13001950302,0.0
13001950301,0.0
13289060101,0.0
13013180108,0.0
13013180107,0.0
13013180105,0.0
13013180301,0.0
13013180204,0.0
13013180503,0.0
13013180401,0.0
13013180106,0.0
13217100507,0.0
13217100802,0.0
13217100904,0.0
13217100203,0.0
13217100102,0.0
13217100505,0.0
13217100301,0.0
13217100702,0.0
13217100101,0.0
13217100701,0.0
13217100801,0.0
13217100204,0.0
13217100302,0.0
13217100905,0.0
13217100504,0.0
13179010204,0.0
13073030107,0.0
13073030310,0.0
13073030108,0.0
13073030311,0.0
13073030313,0.0
13073030507,0.0
13073030312,0.0
13073030403,0.0
13073030508,0.0
13073030404,0.0
13087970301,0.0
13087970302,0.0
13167960202,0.0
13167960201,0.0
13217100506,0.0
13217100503,0.0
13129970102,0.0
13129970601,0.0
13129970602,0.0
13129970201,0.0
13129970202,0.0
13129970801,0.0
13153021121,0.0
13153021114,0.0
13153021124,0.0
13153021125,0.0
13153021204,0.0
13153021119,0.0
13153021123,0.0
13153021122,0.0
13153021117,0.0
13153020301,0.0
13153021502,0.0
13153021501,0.0
13153021402,0.0
13153021205,0.0
13153021203,0.0
13153021115,0.0
13153021118,0.0
13153021116,0.0
13153020112,0.0
13153021001,0.0
13153020113,0.0
13153020111,0.0
13153020110,0.0
13179010202,0.0
13031110701,0.0
13031110603,0.0
13031110702,0.0
13031110406,0.0
13031110407,0.0
13031110408,0.0
13031110405,0.0
13121003600,0.0
13031110604,0.0
13031110703,0.0
13031110301,0.0
13031110902,0.0
13031110202,0.0
13031110201,0.0
13031110901,0.0
13031110302,0.0
13189950100,0.0
13189950200,0.0
13189950500,0.0
13189950300,0.0
13031110100,0.0
13065970200,0.0
13065970100,0.0
13045910400,0.0
13045910800,0.0
13045910900,0.0
13133950305,0.0
13133950304,0.0
13001950100,0.0
13001950400,0.0
13001950500,0.0
13121009802,0.0
13121006801,0.0
13045910600,0.0
13045910502,0.0
13045910101,0.0
13121009700,0.0
13121010107,0.0
13121002500,0.0
13121007100,0.0
13121007200,0.0
13121006200,0.0
13121004200,0.0
13121003700,0.0
13121011423,0.0
13121010211,0.0
13121012000,0.0
13121007002,0.0
13121009900,0.0
13121011000,0.0
13121000100,0.0
13121000400,0.0
13059150701,0.0
13059150702,0.0
13059130602,0.0
13059130702,0.0
13059130601,0.0
13059130701,0.0
13059030102,0.0
13059030101,0.0
13051011800,0.0
13051010815,0.0
13051011110,0.0
13051010818,0.0
13051010812,0.0
13051010503,0.0
13051010504,0.0
13051011900,0.0
13051011113,0.0
13051011111,0.0
13051010813,0.0
13051010814,0.0
13051011112,0.0
13313000402,0.0
13313000401,0.0
13313000103,0.0
13313000104,0.0
13313001500,0.0
13313001200,0.0
13313000801,0.0
13313000802,0.0
13313000303,0.0
13313000304,0.0
13051010821,0.0
13051011115,0.0
13051010817,0.0
13009970702,0.0
13009970400,0.0
13009970701,0.0
13009970600,0.0
13173950100,0.0
13075960200,0.0
13075960400,0.0
13075960100,0.0
13029980000,0.0
13155950100,0.0
13313000502,0.0
13313000900,0.0
13313000200,0.0
13313001400,0.0
13313000501,0.0
13313001300,0.0
13313000101,0.0
13313000700,0.0
13313001100,0.0
13313000600,0.0
13313000301,0.0
13215001400,0.0
13051010819,0.0
13279970301,0.0
13279970302,0.0
13279970202,0.0
13279970201,0.0
13279970101,0.0
13279970102,0.0
13029920303,0.0
13293010401,0.0
13293010402,0.0
13135050537,0.0
13127000800,0.0
13127000501,0.0
13127000900,0.0
13051010701,0.0
13051010811,0.0
13051011700,0.0
13051010704,0.0
13051010705,0.0
13051010707,0.0
13051010702,0.0
13051011008,0.0
13051010820,0.0
13051011007,0.0
13051011114,0.0
13051010810,0.0
13051010706,0.0
13051010703,0.0
13051010816,0.0
13299950802,0.0
13299950801,0.0
13235950202,0.0
13235950201,0.0
13189950401,0.0
13189950402,0.0
13173950202,0.0
13173950201,0.0
13025960102,0.0
13025960202,0.0
13025960101,0.0
13025960201,0.0
13297110400,0.0
13297110200,0.0
13193000300,0.0
13193000100,0.0
13193000400,0.0
13193000200,0.0
13121000502,0.0
13121008905,0.0
13121000601,0.0
13121011802,0.0
13121009405,0.0
13121009203,0.0
13121000202,0.0
13121010522,0.0
13121008909,0.0
13121008701,0.0
13121009411,0.0
13121009409,0.0
13121010003,0.0
13121010222,0.0
13121010533,0.0
13121010006,0.0
13121009406,0.0
13121011512,0.0
13121010215,0.0
13121011657,0.0
13121011653,0.0
13121011629,0.0
13121010132,0.0
13121010216,0.0
13121010217,0.0
13121011649,0.0
13121010220,0.0
13121009301,0.0
13121009105,0.0
13121010315,0.0
13121009408,0.0
13121010539,0.0
13121000602,0.0
13121010525,0.0
13121010528,0.0
13121007809,0.0
13121008203,0.0
13121010527,0.0
13121007810,0.0
13121010540,0.0
13121010537,0.0
13121007710,0.0
13121011309,0.0
13121010521,0.0
13121010532,0.0
13121009604,0.0
13121005504,0.0
13121011310,0.0
13121010307,0.0
13121010517,0.0
13121010520,0.0
13121010306,0.0
13121010124,0.0
13121010134,0.0
13121001101,0.0
13237960302,0.0
13237960301,0.0
13237960204,0.0
13237960203,0.0
13237960104,0.0
13237960103,0.0
13255160300,0.0
13255161000,0.0
13255160600,0.0
13255160500,0.0
13075960302,0.0
13075960301,0.0
13123080403,0.0
13123080401,0.0
13123080302,0.0
13123080301,0.0
13123080402,0.0
13121011659,0.0
13121007709,0.0
13121009410,0.0
13121010131,0.0
13121001102,0.0
13121001204,0.0
13121001205,0.0
13121001203,0.0
13121010526,0.0
13121001902,0.0
13121001301,0.0
13121010529,0.0
13121011901,0.0
13121008906,0.0
13121008907,0.0
13121009504,0.0
13121009804,0.0
13121010530,0.0
13121009104,0.0
13155950201,0.0
13155950202,0.0
13063040634,0.0
13063040637,0.0
13063040625,0.0
13063040425,0.0
13063040419,0.0
13063040536,0.0
13063040535,0.0
13063040530,0.0
13063040631,0.0
13063040533,0.0
13063040528,0.0
13063040636,0.0
13063040638,0.0
13247060408,0.0
13247060318,0.0
13247060310,0.0
13247060311,0.0
13247060409,0.0
13247060312,0.0
13247060204,0.0
13247060411,0.0
13055010401,0.0
13055010502,0.0
13055010201,0.0
13195020501,0.0
13055010402,0.0
13055010501,0.0
13113140210,0.0
13113140308,0.0
13113140209,0.0
13113140409,0.0
13113140309,0.0
13113140104,0.0
13177020200,0.0
13321950500,0.0
13321950400,0.0
13153020200,0.0
13153020600,0.0
13153020700,0.0
13153020800,0.0
13275960701,0.0
13275960501,0.0
13275960502,0.0
13275960702,0.0
13275960601,0.0
13275960602,0.0
13121011431,0.0
13121011430,0.0
13121011438,0.0
13121011435,0.0
13121011436,0.0
13121011507,0.0
13121011511,0.0
13121011655,0.0
13221960204,0.0
13221960206,0.0
13221960205,0.0
13221960203,0.0
13153020900,0.0
13295020602,0.0
13295020902,0.0
13295020301,0.0
13295020800,0.0
13295020601,0.0
13295020302,0.0
13295020400,0.0
13295020200,0.0
13251970200,0.0
13251970500,0.0
13251970600,0.0
13251970300,0.0
13055010202,0.0
13195020502,0.0
13121011641,0.0
13121011654,0.0
13121011647,0.0
13121011643,0.0
13121011640,0.0
13121011434,0.0
13121011636,0.0
13121011646,0.0
13121001206,0.0
13015960902,0.0
13015960802,0.0
13015960801,0.0
13097080602,0.0
13289060200,0.0
13111050400,0.0
13111050100,0.0
13111050500,0.0
13111050200,0.0
13111050300,0.0
13121009103,0.0
13121000501,0.0
13121011428,0.0
13121011432,0.0
13121011639,0.0
13121011637,0.0
13121011638,0.0
13121011650,0.0
13255160201,0.0
13255160102,0.0
13255160402,0.0
13255160401,0.0
13255160701,0.0
13255161202,0.0
13255160101,0.0
13255161201,0.0
13255160702,0.0
13255160202,0.0
13013180206,0.0
13175951001,0.0
13175951002,0.0
13113140410,0.0
13151070405,0.0
13113140103,0.0
13151070406,0.0
13089023433,0.0
13089023434,0.0
13089021821,0.0
13089023445,0.0
13089021224,0.0
13089023448,0.0
13089021230,0.0
13089021916,0.0
13089023215,0.0
13089021608,0.0
13089021710,0.0
13089021820,0.0
13089021915,0.0
13089021824,0.0
13089021220,0.0
13089021225,0.0
13089021815,0.0
13089022013,0.0
13089021227,0.0
13089022405,0.0
13089021506,0.0
13089021309,0.0
13089021822,0.0
13089021917,0.0
13089023324,0.0
13089023332,0.0
13089022011,0.0
13089022012,0.0
13089021104,0.0
13089021228,0.0
13089021310,0.0
13089021606,0.0
13089021223,0.0
13089023321,0.0
13089021226,0.0
13089021221,0.0
13089021712,0.0
13089021418,0.0
13089021421,0.0
13089021419,0.0
13089022015,0.0
13089021229,0.0
13089022205,0.0
13089022206,0.0
13089023444,0.0
13089021708,0.0
13089023442,0.0
13089021505,0.0
13089023701,0.0
13089020901,0.0
13089023437,0.0
13089021609,0.0
13089021709,0.0
13089021222,0.0
13089023441,0.0
13089021711,0.0
13089023216,0.0
13089023318,0.0
13089023218,0.0
13089023430,0.0
13089022501,0.0
13089022014,0.0
13089023319,0.0
13089020902,0.0
13089023702,0.0
13089022601,0.0
13089023429,0.0
13089023446,0.0
13089023443,0.0
13089021420,0.0
13089021707,0.0
13089022304,0.0
13089022303,0.0
13089023439,0.0
13089021818,0.0
13089023220,0.0
13089023431,0.0
13089023222,0.0
13089022404,0.0
13089021817,0.0
13089022502,0.0
13089022602,0.0
13131950600,0.0
13131950300,0.0
13131950200,0.0
13131950100,0.0
13017960300,0.0
13297110602,0.0
13297110505,0.0
13297110508,0.0
13297110603,0.0
13297110506,0.0
13297110601,0.0
13143010301,0.0
13031110602,0.0
13095010401,0.0
13199970501,0.0
13199970502,0.0
13199970802,0.0
13199970702,0.0
13199970801,0.0
13199970701,0.0
13185011000,0.0
13161960300,0.0
13205090401,0.0
13205090402,0.0
13205090502,0.0
13205090501,0.0
13095000200,0.0
13213010401,0.0
13213010402,0.0
13087970100,0.0
13087970200,0.0
13087970700,0.0
13087970800,0.0
13087970600,0.0
13087970400,0.0
13221960100,0.0
13095000400,0.0
13095000600,0.0
13095000700,0.0
13071970500,0.0
13071970200,0.0
13089021819,0.0
13089023325,0.0
13089021816,0.0
13089023328,0.0
13089021103,0.0
13089023432,0.0
13089023436,0.0
13089023219,0.0
13089023447,0.0
13089023435,0.0
13089023221,0.0
13089021607,0.0
13089023217,0.0
13089021823,0.0
13089023331,0.0
13089022016,0.0
13089021914,0.0
13089023320,0.0
13089023317,0.0
13089021219,0.0
13089023440,0.0
13089023326,0.0
13089023329,0.0
13089023323,0.0
13089023322,0.0
13089023330,0.0
13089023438,0.0
13089023327,0.0
13095000800,0.0
13095000900,0.0
13095001100,0.0
13103030301,0.0
13103030100,0.0
13033950900,0.0
13107970300,0.0
13107970200,0.0
13107970500,0.0
13057091006,0.0
13057091101,0.0
13147960300,0.0
13147960200,0.0
13149970100,0.0
13149970200,0.0
13149970300,0.0
13017960200,0.0
13017960100,0.0
13017960400,0.0
13277960900,0.0
13277960700,0.0
13277960800,0.0
13277960500,0.0
13277960100,0.0
13277960200,0.0
13235950300,0.0
13235950100,0.0
13113140304,0.0
13113140307,0.0
13113140404,0.0
13113140405,0.0
13113140403,0.0
13113140502,0.0
13113140501,0.0
13113140408,0.0
13113140102,0.0
13113140406,0.0
13113140303,0.0
13113140203,0.0
13113140204,0.0
13113140206,0.0
13113140305,0.0
13071970702,0.0
13091960500,0.0
13091960600,0.0
13091960100,0.0
13091960400,0.0
13091960200,0.0
13115000202,0.0
13213010204,0.0
13213010203,0.0
13121002900,0.0
13121010106,0.0
13121010204,0.0
13121006602,0.0
13229960100,0.0
13229960200,0.0
13095010402,0.0
13095010601,0.0
13137000601,0.0
13137000100,0.0
13137000300,0.0
13137000400,0.0
13145120301,0.0
13145120302,0.0
13145120403,0.0
13145120404,0.0
13021013201,0.0
13021011702,0.0
13021012000,0.0
13021013101,0.0
13191110201,0.0
13191110102,0.0
13191110103,0.0
13169030305,0.0
13169030303,0.0
13169030304,0.0
13169030306,0.0
13169030105,0.0
13169030106,0.0
13005970100,0.0
13013180104,0.0
13013180302,0.0
13013180501,0.0
13013180502,0.0
13013180203,0.0
13013180103,0.0
13013180303,0.0
13013180402,0.0
13153020106,0.0
13241970102,0.0
13241970304,0.0
13241970303,0.0
13241970103,0.0
13241970101,0.0
13237960201,0.0
13237960101,0.0
13245010513,0.0
13245010708,0.0
13245010710,0.0
13245010903,0.0
13245010711,0.0
13245010707,0.0
13245010905,0.0
13245011000,0.0
13265010200,0.0
13121011624,0.0
13299950100,0.0
13299950900,0.0
13299950200,0.0
13299950600,0.0
13299950500,0.0
13299950700,0.0
13057091001,0.0
13269950301,0.0
13269950302,0.0
13073030106,0.0
13073030105,0.0
13073030307,0.0
13073030308,0.0
13073030503,0.0
13073030505,0.0
13073030401,0.0
13073030504,0.0
13139000800,0.0
13073030306,0.0
13187960206,0.0
13187960105,0.0
13187960104,0.0
13187960205,0.0
13187960106,0.0
13187960203,0.0
13187960204,0.0
13187960103,0.0
13039010602,0.0
13039010403,0.0
13095010900,0.0
13191110300,0.0
13219030600,0.0
13219030500,0.0
13219030300,0.0
13313001000,0.0
13095011200,0.0
13095011300,0.0
13095011600,0.0
13305970500,0.0
13095001500,0.0
13043950300,0.0
13043950100,0.0
13043950200,0.0
13095010403,0.0
13095011000,0.0
13095001000,0.0
13095010602,0.0
13095010500,0.0
13291000104,0.0
13291000206,0.0
13291000207,0.0
13291000103,0.0
13215010704,0.0
13215010108,0.0
13215010207,0.0
13215010110,0.0
13215010208,0.0
13215010109,0.0
13215010111,0.0
13215010705,0.0
13215010303,0.0
13305970600,0.0
13305970300,0.0
13305970400,0.0
13305970100,0.0
13233010500,0.0
13233010100,0.0
13233010700,0.0
13233010300,0.0
13095010302,0.0
13233010600,0.0
13233010400,0.0
13097080505,0.0
13097080506,0.0
13097080507,0.0
13063040614,0.0
13063040518,0.0
13025960300,0.0
13321950600,0.0
13321950100,0.0
13089023803,0.0
13317010301,0.0
13317010101,0.0
13057090905,0.0
13139001402,0.0
13057091013,0.0
13057090909,0.0
13057091104,0.0
13057090906,0.0
13057090910,0.0
13057090806,0.0
13057090908,0.0
13057090709,0.0
13057091014,0.0
13057091010,0.0
13057090706,0.0
13057090907,0.0
13057091107,0.0
13057091108,0.0
13063040302,0.0
13057091007,0.0
13079070100,0.0
13063040410,0.0
13063040202,0.0
13063040512,0.0
13063040409,0.0
13063040407,0.0
13229960402,0.0
13229960301,0.0
13229960302,0.0
13229960401,0.0
13159010502,0.0
13175950700,0.0
13175950500,0.0
13175951100,0.0
13175950400,0.0
13175950600,0.0
13175950800,0.0
13175950300,0.0
13175950100,0.0
13175950900,0.0
13119890201,0.0
13119890103,0.0
13119890104,0.0
13119890202,0.0
13119890401,0.0
13119890402,0.0
13089022100,0.0
13089023801,0.0
13063040509,0.0
13063040510,0.0
13151070204,0.0
13151070307,0.0
13215010802,0.0
13271950200,0.0
13063040513,0.0
13067030603,0.0
13067030257,0.0
13067031416,0.0
13067030111,0.0
13067030243,0.0
13067030907,0.0
13067030260,0.0
13067030261,0.0
13067030240,0.0
13067030246,0.0
13021012102,0.0
13021012101,0.0
13021013503,0.0
13021013409,0.0
13021013604,0.0
13021013603,0.0
13021013411,0.0
13003960200,0.0
13003960300,0.0
13003960100,0.0
13217100600,0.0
13217100202,0.0
13217100400,0.0
13063040606,0.0
13063040609,0.0
13099090500,0.0
13099090400,0.0
13099090200,0.0
13067031209,0.0
13067031207,0.0
13067030507,0.0
13067030506,0.0
13057090101,0.0
13057090606,0.0
13057090605,0.0
13057090710,0.0
13057090703,0.0
13057090301,0.0
13057091009,0.0
13057090504,0.0
13057090202,0.0
13057090705,0.0
13057090201,0.0
13057090402,0.0
13057090808,0.0
13057090911,0.0
13057091011,0.0
13057090912,0.0
13057090805,0.0
13057090708,0.0
13057090303,0.0
13057090807,0.0
13057090603,0.0
13057090810,0.0
13057090505,0.0
13057090503,0.0
13057090809,0.0
13057090302,0.0
13057090604,0.0
13057090507,0.0
13057090506,0.0
13057090102,0.0
13057090103,0.0
13057090704,0.0
13057090401,0.0
13057090707,0.0
13057091106,0.0
13247060403,0.0
13247060306,0.0
13247060305,0.0
13247060101,0.0
13247060406,0.0
13247060407,0.0
13247060201,0.0
13215011100,0.0
13153021108,0.0
13121011417,0.0
13121011416,0.0
13121011421,0.0
13179990000,0.0
13195020300,0.0
13195020100,0.0
13195020400,0.0
13195020600,0.0
13195020200,0.0
13285961000,0.0
13285960300,0.0
13285960501,0.0
13185010500,0.0
13121011426,0.0
13121011618,0.0
13121011612,0.0
13121007705,0.0
13121009601,0.0
13121010121,0.0
13185010601,0.0
13117130105,0.0
13135050308,0.0
13285960800,0.0
13135050306,0.0
13185011302,0.0
13179010103,0.0
13179010205,0.0
13285960901,0.0
13185010900,0.0
13089022800,0.0
13089022900,0.0
13115002100,0.0
13185011402,0.0
13285960600,0.0
13285961100,0.0
13285960700,0.0
13089021412,0.0
13089023601,0.0
13089021307,0.0
13089021415,0.0
13089021417,0.0
13089021305,0.0
13185011100,0.0
13141480300,0.0
13121011505,0.0
13121011422,0.0
13121011424,0.0
13185011301,0.0
13089023000,0.0
13089023101,0.0
13089023102,0.0
13089021306,0.0
13089021308,0.0
13089021913,0.0
13089022203,0.0
13241970302,0.0
13121012300,0.0
13089023214,0.0
13089023313,0.0
13089021101,0.0
13089023107,0.0
13089023108,0.0
13159010501,0.0
13159010503,0.0
13209950300,0.0
13209950200,0.0
13209950100,0.0
13297110503,0.0
13297110504,0.0
13089021217,0.0
13089021409,0.0
13089023111,0.0
13089022010,0.0
13089023113,0.0
13089023209,0.0
13089023211,0.0
13135050105,0.0
13135050205,0.0
13135050415,0.0
13057091105,0.0
13057091012,0.0
13089023115,0.0
13089023422,0.0
13089023424,0.0
13089023427,0.0
13089021204,0.0
13133950301,0.0
13133950302,0.0
13121011439,0.0
13121011429,0.0
13121011441,0.0
13121011444,0.0
13121011644,0.0
13121011652,0.0
13121011656,0.0
13121011509,0.0
13121011634,0.0
13121011651,0.0
13089023212,0.0
13097080509,0.0
13249960100,0.0
13249960200,0.0
13303950500,0.0
13303950700,0.0
13303950400,0.0
13303950300,0.0
13303950100,0.0
13119890300,0.0
13089020802,0.0
13089021911,0.0
13089021410,0.0
13089021503,0.0
13121001001,0.0
13121008903,0.0
13121004300,0.0
13121980000,0.0
13097080303,0.0
13097080304,0.0
13089021208,0.0
13097080508,0.0
13089021210,0.0
13089021211,0.0
13089021808,0.0
13089023410,0.0
13089023411,0.0
13089023413,0.0
13089021604,0.0
13089021910,0.0
13089023112,0.0
13089023114,0.0
13089023213,0.0
13081010300,0.0
13081010100,0.0
13135050315,0.0
13121007603,0.0
13121007604,0.0
13121007703,0.0
13021013900,0.0
13021013408,0.0
13021013605,0.0
13021013800,0.0
13267950100,0.0
13267950300,0.0
13089021213,0.0
13089021301,0.0
13089021812,0.0
13089023311,0.0
13089021908,0.0
13089023504,0.0
13089023505,0.0
13089023506,0.0
13157010400,0.0
13157010500,0.0
13157010200,0.0
13157010300,0.0
13089023426,0.0
13081010500,0.0
13081010400,0.0
13299950300,0.0
13011970200,0.0
13011970400,0.0
13011970300,0.0
13011970100,0.0
13121011306,0.0
13243790200,0.0
13243790100,0.0
13135050416,0.0
13121009501,0.0
13223120601,0.0
13223120104,0.0
13267950202,0.0
13135050425,0.0
13287970300,0.0
13281960302,0.0
13281960301,0.0
13215010301,0.0
13135050430,0.0
13115000401,0.0
13115000403,0.0
13115000203,0.0
13115000402,0.0
13115001705,0.0
13115000204,0.0
13115001704,0.0
13115001703,0.0
13089020700,0.0
13215010401,0.0
13215010402,0.0
13215010501,0.0
13215010602,0.0
13215010605,0.0
13215010701,0.0
13215003200,0.0
13215010702,0.0
13179010600,0.0
13281960200,0.0
13135050520,0.0
13135050521,0.0
13135050522,0.0
13135050715,0.0
13015960203,0.0
13015961002,0.0
13015960302,0.0
13015960301,0.0
13015960103,0.0
13015960105,0.0
13015960202,0.0
13015960201,0.0
13015960804,0.0
13015960104,0.0
13015960406,0.0
13015961001,0.0
13015960805,0.0
13015960405,0.0
13015960407,0.0
13015960701,0.0
13015960404,0.0
13015960502,0.0
13015960501,0.0
13015960403,0.0
13015960602,0.0
13015960601,0.0
13015960702,0.0
13067031114,0.0
13067031506,0.0
13067030220,0.0
13077170403,0.0
13077170603,0.0
13077170501,0.0
13077170503,0.0
13077170802,0.0
13077170304,0.0
13067030602,0.0
13021010800,0.0
13021011500,0.0
13021011800,0.0
13021011900,0.0
13021012200,0.0
13231010400,0.0
13231010300,0.0
13231010200,0.0
13135050719,0.0
13135050427,0.0
13007960100,0.0
13007960200,0.0
13021010200,0.0
13021010500,0.0
13021011701,0.0
13021010100,0.0
13021013502,0.0
13021012400,0.0
13021012500,0.0
13021012700,0.0
13021012800,0.0
13021012900,0.0
13021013102,0.0
13021013202,0.0
13021011100,0.0
13021013302,0.0
13239960300,0.0
13119890101,0.0
13301970500,0.0
13125010100,0.0
13029920308,0.0
13029920103,0.0
13029920307,0.0
13029920104,0.0
13061960300,0.0
13145120401,0.0
13141480400,0.0
13033950200,0.0
13033950400,0.0
13033950700,0.0
13033950500,0.0
13077170502,0.0
13021010400,0.0
13013180205,0.0
13097080201,0.0
13021012600,0.0
13157010701,0.0
13157010703,0.0
13245010104,0.0
13245010105,0.0
13245010506,0.0
13053020100,0.0
13245010511,0.0
13245010300,0.0
13245010508,0.0
13241970202,0.0
13241970201,0.0
13221960300,0.0
13135050219,0.0
13135050526,0.0
13105000200,0.0
13245000300,0.0
13045910103,0.0
13285960202,0.0
13285960201,0.0
13137000201,0.0
13257970302,0.0
13257970301,0.0
13215001200,0.0
13215001600,0.0
13215001800,0.0
13215001100,0.0
13215002000,0.0
13215002100,0.0
13049010200,0.0
13027960500,0.0
13027960200,0.0
13027960400,0.0
13037950100,0.0
13037950200,0.0
13027960600,0.0
13215002200,0.0
13215002300,0.0
13093970300,0.0
13093970200,0.0
13215002400,0.0
13215002500,0.0
13093970100,0.0
13059130300,0.0
13059150400,0.0
13059002000,0.0
13059000100,0.0
13059140300,0.0
13059150900,0.0
13059001200,0.0
13059130500,0.0
13059140500,0.0
13059150300,0.0
13059150500,0.0
13059140600,0.0
13215002700,0.0
13215002800,0.0
13215002901,0.0
13215002902,0.0
13215003000,0.0
13215003400,0.0
13067031212,0.0
13039990000,0.0
13215010106,0.0
13215010204,0.0
13215010205,0.0
13081010201,0.0
13097080403,0.0
13117130503,0.0
13117130301,0.0
13117130604,0.0
13117130409,0.0
13117130508,0.0
13117130602,0.0
13117130607,0.0
13117130611,0.0
13117130610,0.0
13117130603,0.0
13059000600,0.0
13059000900,0.0
13059001700,0.0
13059001800,0.0
13059001900,0.0
13059002100,0.0
13067030278,0.0
13067030511,0.0
13067030509,0.0
13067031216,0.0
13067031411,0.0
13067030906,0.0
13067030248,0.0
13067030369,0.0
13067030354,0.0
13069010801,0.0
13117130506,0.0
13117130104,0.0
13117130101,0.0
13117130509,0.0
13117130204,0.0
13053020201,0.0
13117130410,0.0
13117130601,0.0
13059002200,0.0
13059030200,0.0
13059130400,0.0
13117130302,0.0
13117130608,0.0
13117130201,0.0
13117130103,0.0
13117130102,0.0
13117130202,0.0
13117130203,0.0
13117130406,0.0
13117130306,0.0
13117130304,0.0
13117130307,0.0
13135050542,0.0
13059150600,0.0
13059140400,0.0
13117130303,0.0
13117130505,0.0
13117130504,0.0
13117130305,0.0
13051011006,0.0
13051011005,0.0
13215010606,0.0
13215010502,0.0
13059150800,0.0
13145120198,0.0
13145120200,0.0
13073030103,0.0
13191980000,0.0
13191990000,0.0
13117130507,0.0
13117130605,0.0
13117130609,0.0
13117130606,0.0
13117130205,0.0
13215000200,0.0
13051010806,0.0
13051004210,0.0
13051004212,0.0
13051004211,0.0
13215000300,0.0
13215000400,0.0
13215000800,0.0
13215000900,0.0
13215001000,0.0
13069010500,0.0
13069010100,0.0
13069010600,0.0
13069010200,0.0
13051990000,0.0
13051011600,0.0
13051011300,0.0
13051011400,0.0
13051002100,0.0
13051010801,0.0
13005970202,0.0
13199970600,0.0
13139000304,0.0
13051004208,0.0
13223120110,0.0
13095000502,0.0
13095000501,0.0
13095011400,0.0
13223120107,0.0
13233010202,0.0
13233010201,0.0
13223120304,0.0
13223120208,0.0
13223120207,0.0
13223120305,0.0
13223120111,0.0
13223120401,0.0
13223120402,0.0
13223120403,0.0
13223120504,0.0
13223120506,0.0
13223120206,0.0
13223120106,0.0
13223120505,0.0
13223120606,0.0
13223120105,0.0
13223120109,0.0
13121010212,0.0
13223120205,0.0
13223120307,0.0
13223120607,0.0
13223120306,0.0
13223120507,0.0
13223120108,0.0
13127001002,0.0
13127001001,0.0
13127000702,0.0
13127000201,0.0
13127000302,0.0
13127000301,0.0
13127000303,0.0
13127000406,0.0
13127000407,0.0
13127000602,0.0
13127000409,0.0
13127000701,0.0
13127000202,0.0
13127000405,0.0
13127000601,0.0
13127000408,0.0
13127000103,0.0
13127000104,0.0
13297110301,0.0
13139001102,0.0
13139001501,0.0
13139001302,0.0
13139001607,0.0
13139001605,0.0
13287970201,0.0
13287970202,0.0
13067030259,0.0
13067030242,0.0
13067030258,0.0
13067030249,0.0
13297110302,0.0
13297110801,0.0
13297110802,0.0
13297110702,0.0
13297110509,0.0
13297110101,0.0
13297110102,0.0
13297110510,0.0
13297110701,0.0
13051004207,0.0
13121010115,0.0
13121010117,0.0
13139001101,0.0
13139001606,0.0
13067030340,0.0
13067030343,0.0
13215010304,0.0
13215010209,0.0
13215010206,0.0
13121010120,0.0
13121011419,0.0
13151070109,0.0
13151070114,0.0
13151070310,0.0
13151070113,0.0
13309780200,0.0
13309780100,0.0
13095001403,0.0
13051004400,0.0
13139001004,0.0
13115001600,0.0
13245010107,0.0
13245010512,0.0
13245010904,0.0
13245010709,0.0
13063040306,0.0
13135050549,0.0
13305970201,0.0
13305970202,0.0
13067030367,0.0
13067031317,0.0
13067030909,0.0
13067031516,0.0
13067030245,0.0
13067031006,0.0
13067031221,0.0
13067030241,0.0
13067030251,0.0
13067030270,0.0
13067030508,0.0
13067030912,0.0
13067031315,0.0
13067030357,0.0
13067031122,0.0
13067030910,0.0
13067031007,0.0
13067031219,0.0
13067031510,0.0
13067030268,0.0
13067030256,0.0
13067031417,0.0
13067031513,0.0
13067031511,0.0
13067031512,0.0
13067030264,0.0
13067030265,0.0
13067030250,0.0
13067030269,0.0
13067030263,0.0
13067030911,0.0
13067031121,0.0
13127000101,0.0
13067030247,0.0
13067031514,0.0
13067031515,0.0
13067030109,0.0
13067030110,0.0
13067030267,0.0
13067031413,0.0
13067031414,0.0
13067030255,0.0
13067031415,0.0
13067030348,0.0
13067031220,0.0
13067031325,0.0
13067030254,0.0
13067031215,0.0
13067030366,0.0
13067030370,0.0
13067030604,0.0
13067030355,0.0
13067031318,0.0
13067030365,0.0
13067031316,0.0
13067030368,0.0
13067030362,0.0
13067030112,0.0
13067030274,0.0
13067030272,0.0
13067030347,0.0
13067030273,0.0
13067030510,0.0
13067030275,0.0
13067031517,0.0
13067030356,0.0
13067031120,0.0
13067030346,0.0
13067030363,0.0
13067030364,0.0
13067030359,0.0
13067030908,0.0
13067031412,0.0
13067030266,0.0
13067030349,0.0
13067030360,0.0
13067030276,0.0
13051004500,0.0
13067030253,0.0
13067030277,0.0
13067030252,0.0
13067030358,0.0
13067030353,0.0
13067031410,0.0
13067031213,0.0
13067031323,0.0
13067031217,0.0
13067031321,0.0
13067031320,0.0
13067031322,0.0
13067031314,0.0
13067030361,0.0
13067030108,0.0
13067030244,0.0
13067030350,0.0
13067030262,0.0
13067031518,0.0
13067030271,0.0
13067031324,0.0
13067031319,0.0
13067031214,0.0
13067030113,0.0
13067030352,0.0
13067030351,0.0
13067031119,0.0
13067031218,0.0
13071970800,0.0
13097080405,0.0
13097080514,0.0
13097080408,0.0
13097080407,0.0
13097080105,0.0
13097080106,0.0
13097080305,0.0
13097080104,0.0
13097080512,0.0
13097080607,0.0
13097080204,0.0
13097080107,0.0
13097080307,0.0
13097080306,0.0
13097080406,0.0
13097080608,0.0
13097080203,0.0
13097080513,0.0
13097080606,0.0
13097080605,0.0
13097080515,0.0
13063040416,0.0
13063040525,0.0
13135050528,0.0
13135050530,0.0
13135050529,0.0
13169030101,0.0
13169030200,0.0
13245010101,0.0
13245010706,0.0
13245010507,0.0
13245010203,0.0
13245010201,0.0
13245000100,0.0
13245010400,0.0
13277960301,0.0
13277960302,0.0
13277960401,0.0
13277960402,0.0
13277960602,0.0
13277960601,0.0
13063040308,0.0
13063040204,0.0
13063040414,0.0
13063040521,0.0
13135050218,0.0
13135050317,0.0
13165960200,0.0
13165960100,0.0
13135050318,0.0
13135050215,0.0
13063040615,0.0
13063040617,0.0
13063040203,0.0
13063040417,0.0
13063040522,0.0
13063040523,0.0
13135050322,0.0
13135050321,0.0
13047030600,0.0
13047030100,0.0
13047030402,0.0
13183980000,0.0
13135050433,0.0
13135050435,0.0
13139001405,0.0
13139001406,0.0
13139000402,0.0
13139000401,0.0
13139000601,0.0
13139000502,0.0
13139000602,0.0
13139000902,0.0
13139001204,0.0
13139000307,0.0
13139001609,0.0
13139001610,0.0
13139001005,0.0
13139001007,0.0
13139001008,0.0
13139000901,0.0
13139001612,0.0
13139001611,0.0
13139000703,0.0
13139001006,0.0
13139000704,0.0
13139000501,0.0
13139000206,0.0
13139001303,0.0
13139001304,0.0
13139001203,0.0
13139000205,0.0
13139000306,0.0
13159010100,0.0
13159010200,0.0
13245000600,0.0
13317010302,0.0
13067030107,0.0
13067031409,0.0
13135050539,0.0
13135050536,0.0
13067030413,0.0
13067030414,0.0
13067030412,0.0
13071970400,0.0
13077170801,0.0
13077170303,0.0
13077170404,0.0
13077170405,0.0
13077170406,0.0
13023790200,0.0
13023790100,0.0
13067030341,0.0
13103030204,0.0
13103030401,0.0
13103030303,0.0
13067030342,0.0
13067030409,0.0
13067030410,0.0
13067030408,0.0
13067030407,0.0
13099090300,0.0
13099090100,0.0
13067030236,0.0
13063040519,0.0
13063980000,0.0
13067030411,0.0
13067030344,0.0
13067030345,0.0
13067031113,0.0
13135050541,0.0
13293010500,0.0
13293010600,0.0
13293010201,0.0
13293010300,0.0
13293010202,0.0
13293010100,0.0
13307960100,0.0
13307960200,0.0
13067031115,0.0
13067031116,0.0
13067031507,0.0
13067031117,0.0
13299950400,0.0
13015960901,0.0
13015960101,0.0
13067031118,0.0
13067030233,0.0
13179010101,0.0
13179010102,0.0
13179010206,0.0
13179010207,0.0
13179010208,0.0
13179010501,0.0
13231010101,0.0
13231010102,0.0
13311950202,0.0
13067030235,0.0
13135050725,0.0
13135050729,0.0
13135050722,0.0
13245000700,0.0
13245001000,0.0
13245010510,0.0
13245010509,0.0
13245000200,0.0
13245001100,0.0
13245001200,0.0
13245001300,0.0
13245001400,0.0
13175950202,0.0
13175950201,0.0
13175951400,0.0
13213010201,0.0
13083040102,0.0
13121011100,0.0
13121011202,0.0
13217100902,0.0
13217100903,0.0
13051011107,0.0
13051010807,0.0
13051011108,0.0
13051011200,0.0
13051011500,0.0
13169030103,0.0
13139000102,0.0
13139000702,0.0
13139000101,0.0
13139001202,0.0
13139000204,0.0
13139000203,0.0
13139000303,0.0
13139000305,0.0
13139001404,0.0
13139001502,0.0
13139001603,0.0
13019970100,0.0
13019970500,0.0
13019970300,0.0
13019970400,0.0
13019970600,0.0
13019970200,0.0
13121001802,0.0
13121002801,0.0
13121001801,0.0
13121011628,0.0
13121010214,0.0
13121011515,0.0
13121010519,0.0
13121010534,0.0
13121010523,0.0
13121010312,0.0
13121002802,0.0
13121011902,0.0
13121011508,0.0
13121011658,0.0
13121011307,0.0
13121010801,0.0
13121010802,0.0
13121001702,0.0
13121008702,0.0
13121008802,0.0
13121010219,0.0
13121007302,0.0
13121007711,0.0
13121011203,0.0
13121001502,0.0
13121008801,0.0
13121008908,0.0
13121009002,0.0
13121009001,0.0
13121007301,0.0
13121010313,0.0
13121010305,0.0
13121007707,0.0
13121007708,0.0
13121011204,0.0
13121009106,0.0
13121009202,0.0
13121006702,0.0
13121005503,0.0
13121010126,0.0
13121006701,0.0
13121009302,0.0
13121009201,0.0
13121009803,0.0
13121009605,0.0
13121010223,0.0
13121009607,0.0
13121008204,0.0
13121008103,0.0
13121008104,0.0
13121010308,0.0
13121000201,0.0
13121010401,0.0
13121001501,0.0
13121010314,0.0
13121010311,0.0
13121010536,0.0
13121010524,0.0
13121010518,0.0
13121010531,0.0
13121010538,0.0
13121001302,0.0
13121009503,0.0
13121011443,0.0
13121009407,0.0
13121009606,0.0
13121011445,0.0
13121011635,0.0
13121010125,0.0
13121011308,0.0
13121011440,0.0
13121011514,0.0
13121011630,0.0
13121011801,0.0
13121011648,0.0
13121010135,0.0
13121010213,0.0
13121010127,0.0
13121010133,0.0
13121010130,0.0
13121010310,0.0
13121010218,0.0
13121011446,0.0
13121011513,0.0
13121010221,0.0
13121011631,0.0
13121011437,0.0
13121011632,0.0
13121011627,0.0
13121011642,0.0
13121010129,0.0
13121011660,0.0
13121011433,0.0
13121011633,0.0
13121010535,0.0
13121010128,0.0
13121011510,0.0
13121011645,0.0
13121010309,0.0
13121011442,0.0
13121010136,0.0
13121010137,0.0
13121010004,0.0
13121010005,0.0
13121010007,0.0
13121010402,0.0
13121011661,0.0
13121001901,0.0
13121001701,0.0
13121011301,0.0
13223120303,0.0
13223120301,0.0
13223120605,0.0
13223120503,0.0
13223120203,0.0
13223120603,0.0
13223120604,0.0
13167960100,0.0
13167960300,0.0
13047030304,0.0
13047030202,0.0
13047030201,0.0
13047030303,0.0
13113140207,0.0
13225040101,0.0
13089020400,0.0
13089020500,0.0
13089020600,0.0
13089020801,0.0
13259950400,0.0
13121001002,0.0
13083040300,0.0
13291000203,0.0
13291000201,0.0
13291000204,0.0
13291000101,0.0
13127000403,0.0
13121000700,0.0
13201950200,0.0
13201950300,0.0
13201950100,0.0
13181970100,0.0
13181970200,0.0
13263960100,0.0
13263960200,0.0
13263960300,0.0
13105000300,0.0
13105000400,0.0
13105000100,0.0
13127000504,0.0
13127000503,0.0
13083040200,0.0
13259950100,0.0
13089023802,0.0
13089020100,0.0
13089022302,0.0
13089022007,0.0
13089020200,0.0
13089020300,0.0
13089023425,0.0
13315960200,0.0
13315960400,0.0
13315960300,0.0
13319960300,0.0
13319960200,0.0
13319960400,0.0
13055010100,0.0
13055010300,0.0
13055010600,0.0
13121006802,0.0
13121006900,0.0
13121007001,0.0
13121007400,0.0
13029920301,0.0
13029920305,0.0
13029920101,0.0
13089021813,0.0
13121007602,0.0
13069010802,0.0
13121002100,0.0
13121002300,0.0
13121007805,0.0
13121007806,0.0
13121002400,0.0
13121002600,0.0
13121003000,0.0
13121003100,0.0
13121003200,0.0
13121003500,0.0
13121003800,0.0
13121007807,0.0
13121007808,0.0
13121007900,0.0
13121008000,0.0
13273120300,0.0
13273120400,0.0
13269950200,0.0
13269950100,0.0
13273120500,0.0
13273120200,0.0
13205090200,0.0
13205090300,0.0
13205090100,0.0
13121004000,0.0
13121004100,0.0
13121004400,0.0
13121004800,0.0
13121003900,0.0
13121004900,0.0
13121005000,0.0
13121005200,0.0
13121005300,0.0
13121008202,0.0
13121008301,0.0
13121008302,0.0
13121008400,0.0
13121008500,0.0
13121008601,0.0
13163960300,0.0
13163960100,0.0
13163960200,0.0
13163960400,0.0
13121005501,0.0
13121005700,0.0
13121005800,0.0
13121006100,0.0
13121006300,0.0
13121006400,0.0
13121006500,0.0
13121008602,0.0
13315960100,0.0
13153020400,0.0
13153021300,0.0
13073030202,0.0
13073030203,0.0
13073030603,0.0
13035150300,0.0
13121007500,0.0
13051004209,0.0
13063040307,0.0
13073030201,0.0
13073030304,0.0
13031110401,0.0
13281960100,0.0
13031110500,0.0
13031110800,0.0
13077170200,0.0
13121006000,0.0
13079070202,0.0
13079070201,0.0
13115001100,0.0
13115001200,0.0
13185010302,0.0
13185011600,0.0
13185010102,0.0
13185010301,0.0
13185011500,0.0
13185010101,0.0
13185010103,0.0
13185011200,0.0
13185011401,0.0
13185010700,0.0
13185010401,0.0
13185010201,0.0
13271950500,0.0
13089980000,0.0
13053020203,0.0
13053020206,0.0
13053020205,0.0
13123080500,0.0
13123080200,0.0
13123080100,0.0
